﻿Designator,Footprint,Quantity,Value,LCSC Part #
A1,RaspberryPi_Pico_Common_Unspecified,1,RaspberryPi_Pico,
C1,1206,1,2.2uF,
"C10, C14, C3, C4",0603,4,0.1uF,
"C11, C15",CP_Elec_10x10.5,2,330uF,
"C12, C13, C8, C9",0603,4,0.022uF,
C2,CP_Elec_5x5.4,1,22uF,
C5,1210,1,47uF,
"C6, C7",0603,2,100n,
D1,D_SMB,1,SM6T30A,
D2,D_SOD-123F,1,MBR1020VL,
D3,0805,1,LED,
J1,AMASS_XT60PW-M_1x02_P7.20mm_Horizontal,1,XT60PW-M,
J2,PinHeader_2x06_P2.54mm_Vertical,1,GPIO_Ext,
J3,PinSocket_1x06_P2.54mm_Vertical,1,Conn_Motor0,
J4,PinSocket_1x06_P2.54mm_Vertical,1,Conn_Motor1,
J5,USB_C_Receptacle_HRO_TYPE-C-31-M-17,1,5V3A OUT,
L1,L_APV_APH0630,1,6.8uH,
Q1,VSON-8_3.3x3.3mm_P0.65mm_NexFET,1,CSD17577Q3A,
R1,0603,1,100k,
R2,0603,1,13.7k,
"R3, R5, R8, R9",0603,4,10K,
"R4, R6",0603,2,2.5K,
R7,0603,1,560,
U1,Bosch_LGA-14_3x2.5mm_P0.5mm,1,BMI323,
"U2, U3",PWP0016J_N,2,DRV8876PWPR,
U4,DGK0008A_N,1,LM74610QDGKRQ1,
U5,SOT-23-6,1,LMR51430,
